facebookUrl,postId,pageName,url,time,timestamp,user,collaborators,text,likes,comments,shares,topReactionsCount,media,feedbackId,reactionLikeCount,reactionLoveCount,reactionHahaCount,paidPartnership,topComments,topLevelUrl,facebookId,pageAdLibrary,inputUrl,timeCreated,timestampCreated,textReferences,reactionCareCount,isVideo,viewsCount,videoPostViewCount,liveViewerCount,reactionWowCount,sharedPost
https://www.facebook.com/profile.php?id=61569485126086,122171133428649504,people,https://www.facebook.com/permalink.php?story_fbid=pfbid02FvdZsE8ADZKbjTuqZLKddqYw8kaavq4wLVf5LBmcJU3Yf12nbFxHi6WECCZQWWTVl&id=61569485126086,2026-07-06T04:55:40.000Z,1783313740,"{""id"":""61569485126086"",""name"":""PUJAY - por Huánuco"",""profileUrl"":""https://www.facebook.com/61569485126086"",""profilePic"":""https://scontent-mia3-2.xx.fbcdn.net/v/t39.30808-1/680502853_122165571272649504_8435573106429812010_n.jpg?stp=cp0_dst-jpg_tt6&cstp=mx1080x1080&ctp=s50x50&_nc_cat=107&ccb=1-7&_nc_sid=2d3e12&_nc_ohc=fBUT-QQbfZsQ7kNvwEDdMTZ&_nc_oc=Adox_m5tZ17dzhdLvCmWJrZdqEZFl90NuEhORaQSOUFHUMblKvqSH0ajdcsETEO71VM&_nc_zt=24&_nc_ht=scontent-mia3-2.xx&_nc_gid=DUMyGkHTbwIcMtlGuaZoBg&_nc_ss=72289&oh=00_AQBLSToYFDgqa1g4VPJ99udjejbsqB_w9EUP0eawK9xMwQ&oe=6A518A3F""}",,Saludamos a nuestros maestros activos del Peru por su dia y agradecerles por su tiempo dedicado al magisterio por mucho tiempo.,53,13,62,3,"[object Object],[object Object],[object Object],[object Object],[object Object]",ZmVlZGJhY2s6MTIyMTcxMTMzNDI4NjQ5NTA0,48,3,2,false,[object Object],https://www.facebook.com/61569485126086/posts/122171133428649504,61569485126086,"{""id"":""485250318006144""}",https://www.facebook.com/profile.php?id=61569485126086,,,,,,,,,,
https://www.facebook.com/profile.php?id=61569485126086,122171122754649504,people,https://www.facebook.com/permalink.php?story_fbid=pfbid02VkfokPFvKjss1JgKAxceuWF9J4cpJNB6RWexx36sUW6jjXan4zbvPfHjJSobWxXhl&id=61569485126086,2026-07-06T00:56:08.000Z,1783299368,"{""id"":""61569485126086"",""name"":""PUJAY - por Huánuco"",""profileUrl"":""https://www.facebook.com/61569485126086"",""profilePic"":""https://scontent-mia3-2.xx.fbcdn.net/v/t39.30808-1/680502853_122165571272649504_8435573106429812010_n.jpg?stp=cp0_dst-jpg_tt6&cstp=mx1080x1080&ctp=s50x50&_nc_cat=107&ccb=1-7&_nc_sid=2d3e12&_nc_ohc=fBUT-QQbfZsQ7kNvwEDdMTZ&_nc_oc=Adox_m5tZ17dzhdLvCmWJrZdqEZFl90NuEhORaQSOUFHUMblKvqSH0ajdcsETEO71VM&_nc_zt=24&_nc_ht=scontent-mia3-2.xx&_nc_gid=DUMyGkHTbwIcMtlGuaZoBg&_nc_ss=72289&oh=00_AQBLSToYFDgqa1g4VPJ99udjejbsqB_w9EUP0eawK9xMwQ&oe=6A518A3F""}",[object Object],"#El_,mejor_equipo_para_Cayran

El Ing. Pujay, candidato a la alcaldía provincial de Huánuco, llegó al Ceaserio de Coema en Cayrán para escuchar el sentir de su gente y presentar propuestas claras de desarrollo.

No somos una gestión de escritorio; somos una gestión de territorio. El Ing. Pujay dialogó cara a cara con cada dirigente, recogiendo sus necesidades prioritarias para convertirlas en soluciones reales.

""El verdadero cambio de Huánuco nace escuchando a las bases. Venimos a trabajar por ustedes y con ustedes"". 

#IngPujay #Huánuco #Cayrán #Coema #SolucionesReales #EscuchandoAlPueblo",105,21,49,4,"[object Object],[object Object],[object Object],[object Object],[object Object],[object Object]",ZmVlZGJhY2s6MTIyMTcxMTIyNzU0NjQ5NTA0,88,9,7,false,[object Object],https://www.facebook.com/61569485126086/posts/122171122754649504,61569485126086,"{""id"":""485250318006144""}",https://www.facebook.com/profile.php?id=61569485126086,2026-07-05T04:45:00.000Z,1783226700,"[object Object],[object Object],[object Object],[object Object],[object Object],[object Object],[object Object]",1,,,,,,
https://www.facebook.com/profile.php?id=61569485126086,122171031224649504,people,https://www.facebook.com/permalink.php?story_fbid=pfbid036jMgANrVZPaHzdbRJ1tvwXWQdB1zQXcyt9MW3hb49iHjncxznE3uLTr1EuaaYeRkl&id=61569485126086,2026-07-04T15:56:45.000Z,1783180605,"{""id"":""61569485126086"",""name"":""PUJAY - por Huánuco"",""profileUrl"":""https://www.facebook.com/61569485126086"",""profilePic"":""https://scontent-mia3-2.xx.fbcdn.net/v/t39.30808-1/680502853_122165571272649504_8435573106429812010_n.jpg?stp=cp0_dst-jpg_tt6&cstp=mx1080x1080&ctp=s50x50&_nc_cat=107&ccb=1-7&_nc_sid=2d3e12&_nc_ohc=fBUT-QQbfZsQ7kNvwEDdMTZ&_nc_oc=Adox_m5tZ17dzhdLvCmWJrZdqEZFl90NuEhORaQSOUFHUMblKvqSH0ajdcsETEO71VM&_nc_zt=24&_nc_ht=scontent-mia3-2.xx&_nc_gid=DUMyGkHTbwIcMtlGuaZoBg&_nc_ss=72289&oh=00_AQBLSToYFDgqa1g4VPJ99udjejbsqB_w9EUP0eawK9xMwQ&oe=6A518A3F""}","[object Object],[object Object]","𝐄𝐥 𝐦𝐞𝐣𝐨𝐫 𝐞𝐪𝐮𝐢𝐩𝐨 𝐩𝐚𝐫𝐚 𝐚𝐦𝐚𝐫𝐢𝐥𝐢𝐬❤️

Este equipo combina juventud, capacidad y experiencia para traerte el mejor gobierno que nuestra provincia merece. Estamos listos para trabajar por ti y para construir el futuro que soñamos.

𝐒𝐞𝐫𝐠𝐢𝐨 𝐌𝐚𝐫𝐭í𝐧𝐞𝐳, nuestro candidato a Alcalde por el distrito de Amarilis, está comprometido con el desarrollo y el bienestar de cada vecino. Y el 𝐈𝐧𝐠. 𝐏𝐔𝐉𝐀𝐘, Alcalde por Huánuco, trae consigo la visión técnica y el compromiso social para transformar nuestra ciudad.

Este 04 de octubre, ¡marca la diferencia! Juntos podemos lograrlo.

#SomosPeru #Elecciones2026 #Amarilis #Huánuco #UnNuevoComienzo 🗳️ #juventudcapacidadyexperiencia",83,28,108,2,[object Object],ZmVlZGJhY2s6MTIyMTcxMDMxMjI0NjQ5NTA0,74,9,,false,[object Object],https://www.facebook.com/61569485126086/posts/122171031224649504,61569485126086,"{""id"":""485250318006144""}",https://www.facebook.com/profile.php?id=61569485126086,2026-07-04T13:15:00.000Z,1783170900,"[object Object],[object Object],[object Object],[object Object],[object Object],[object Object]",,,,,,,
https://www.facebook.com/profile.php?id=61569485126086,122170991348649504,people,https://www.facebook.com/permalink.php?story_fbid=pfbid06mYTKe7D9bcjcb3cgHAJMe62pUefTPdA698QpaMpcZJmVjwQ7rMnrZ6h5ct7damnl&id=61569485126086,2026-07-04T01:40:07.000Z,1783129207,"{""id"":""61569485126086"",""name"":""PUJAY - por Huánuco"",""profileUrl"":""https://www.facebook.com/61569485126086"",""profilePic"":""https://scontent-hou1-1.xx.fbcdn.net/v/t39.30808-1/680502853_122165571272649504_8435573106429812010_n.jpg?stp=cp0_dst-jpg_tt6&cstp=mx1080x1080&ctp=s50x50&_nc_cat=107&ccb=1-7&_nc_sid=2d3e12&_nc_ohc=fBUT-QQbfZsQ7kNvwEdFQqD&_nc_oc=AdqXRkvE_R0ALxupeDoDECdidSHgXtIXF2RMT5foYo4iIyV4rWta1Iu1gWBuyanZ09o&_nc_zt=24&_nc_ht=scontent-hou1-1.xx&_nc_gid=bwQMCc_kiWxwz2A2NC_uRw&_nc_ss=72289&oh=00_AQBKjXOlM6gIVzEku0btSKcWjaMUs5aUMQ0SVXiSHfagaA&oe=6A518A3F""}",,"¡Huánuco y sus distritos merecen inversiones de impacto! Con una administración pública transparente y eficiente, el cambio es una realidad. 💼💪
Súmate al equipo de Somos Perú y sé parte del desarrollo sostenible de nuestra tierra. ¡El futuro lo construimos juntos! 🇵🇪✨
👉 Robinson y Pujay: Juntos por un buen gobierno.",81,21,88,4,[object Object],ZmVlZGJhY2s6MTIyMTcwOTkxMzQ4NjQ5NTA0,71,8,1,false,[object Object],https://www.facebook.com/61569485126086/posts/122170991348649504,61569485126086,"{""id"":""485250318006144""}",https://www.facebook.com/profile.php?id=61569485126086,,,,1,,,,,,
https://www.facebook.com/profile.php?id=61569485126086,122170974206649504,people,https://www.facebook.com/reel/2501980120270069/,2026-07-03T18:13:20.000Z,1783102400,"{""id"":""61569485126086"",""name"":""PUJAY - por Huánuco"",""profileUrl"":""https://www.facebook.com/61569485126086"",""profilePic"":""https://scontent-hou1-1.xx.fbcdn.net/v/t39.30808-1/680502853_122165571272649504_8435573106429812010_n.jpg?stp=cp0_dst-jpg_tt6&cstp=mx1080x1080&ctp=s50x50&_nc_cat=107&ccb=1-7&_nc_sid=2d3e12&_nc_ohc=fBUT-QQbfZsQ7kNvwEdFQqD&_nc_oc=AdqXRkvE_R0ALxupeDoDECdidSHgXtIXF2RMT5foYo4iIyV4rWta1Iu1gWBuyanZ09o&_nc_zt=24&_nc_ht=scontent-hou1-1.xx&_nc_gid=bwQMCc_kiWxwz2A2NC_uRw&_nc_ss=72289&oh=00_AQBKjXOlM6gIVzEku0btSKcWjaMUs5aUMQ0SVXiSHfagaA&oe=6A518A3F""}",,"#ElmejorequipodeHuánuco🫶

Robinson Aguirre y Ing. PUJAY, juntos por un buen gobierno💪",142,29,14,4,[object Object],ZmVlZGJhY2s6MTIyMTcwOTc0MjA2NjQ5NTA0,134,6,1,false,[object Object],https://www.facebook.com/61569485126086/posts/122170974206649504,61569485126086,"{""id"":""485250318006144""}",https://www.facebook.com/profile.php?id=61569485126086,,,[object Object],1,true,5084,2427,0,,
https://www.facebook.com/profile.php?id=61569485126086,122170967690649504,people,https://www.facebook.com/permalink.php?story_fbid=pfbid02NpzfnyLqnFicQurq9SyNFvsGVCifwjba1aoaF1oSxay8ULuTuFqLyzhk9BNVWAEMl&id=61569485126086,2026-07-03T16:03:15.000Z,1783094595,"{""id"":""61569485126086"",""name"":""PUJAY - por Huánuco"",""profileUrl"":""https://www.facebook.com/61569485126086"",""profilePic"":""https://scontent-hou1-1.xx.fbcdn.net/v/t39.30808-1/680502853_122165571272649504_8435573106429812010_n.jpg?stp=cp0_dst-jpg_tt6&cstp=mx1080x1080&ctp=s50x50&_nc_cat=107&ccb=1-7&_nc_sid=2d3e12&_nc_ohc=fBUT-QQbfZsQ7kNvwEdFQqD&_nc_oc=AdqXRkvE_R0ALxupeDoDECdidSHgXtIXF2RMT5foYo4iIyV4rWta1Iu1gWBuyanZ09o&_nc_zt=24&_nc_ht=scontent-hou1-1.xx&_nc_gid=bwQMCc_kiWxwz2A2NC_uRw&_nc_ss=72289&oh=00_AQBKjXOlM6gIVzEku0btSKcWjaMUs5aUMQ0SVXiSHfagaA&oe=6A518A3F""}",,"🏆⚽ ¡HOY SE VIVE EL MUNDIAL 2026 EN PANTALLA GIGANTE! ⚽🏆

La emoción del fútbol continúa y queremos vivirla contigo. 🙌

📺 Ven con tu familia y amigos a disfrutar de los mejores partidos del Mundial 2026 en un ambiente seguro, familiar y lleno de pasión futbolera.

📍 Te esperamos en nuestro Local de Campaña
Jr. Crespo y Castillo 525 – Huánuco

🎉 Entrada Libre
📺 Pantalla Gigante HD
⚽ Transmisión en vivo de todos los partidos

¡No te pierdas ningún encuentro y vive cada gol como si estuvieras en el estadio!

Ing. PUJAY POR HUÁNUCO ❤️

#Mundial2026 #CopaMundial2026 #PantallaGigante #Huánuco #IngPujay #SomosPerú #Fútbol #ViveElMundial #TodosAlMundial #HuánucoViveElFútbol
@seguidores",30,,2,3,[object Object],ZmVlZGJhY2s6MTIyMTcwOTY3NjkwNjQ5NTA0,22,7,,false,,https://www.facebook.com/61569485126086/posts/122170967690649504,61569485126086,"{""id"":""485250318006144""}",https://www.facebook.com/profile.php?id=61569485126086,,,"[object Object],[object Object],[object Object],[object Object],[object Object],[object Object],[object Object],[object Object],[object Object],[object Object]",1,,,,,,
https://www.facebook.com/profile.php?id=61569485126086,122170902590649504,people,https://www.facebook.com/permalink.php?story_fbid=pfbid02EiWzfswkN9BKdsiaohDU3HVwvsVEn85PiHDRZpdbaxsxn2DTFitwK3TLDSAc4Xyjl&id=61569485126086,2026-07-02T16:18:00.000Z,1783009080,"{""id"":""61569485126086"",""name"":""PUJAY - por Huánuco"",""profileUrl"":""https://www.facebook.com/61569485126086"",""profilePic"":""https://scontent-msp1-1.xx.fbcdn.net/v/t39.30808-1/680502853_122165571272649504_8435573106429812010_n.jpg?stp=cp0_dst-jpg_tt6&cstp=mx1080x1080&ctp=s50x50&_nc_cat=107&ccb=1-7&_nc_sid=2d3e12&_nc_ohc=fBUT-QQbfZsQ7kNvwHjBAnX&_nc_oc=AdofM6cr6chPg6rRq0JPhk4xA0TY0Bn5AOxhfFlPD8y9cH_6-h2Rz4JpA4-XaeZzGCs&_nc_zt=24&_nc_ht=scontent-msp1-1.xx&_nc_gid=bi8diClC0bXJf17b9sDOwQ&_nc_ss=72289&oh=00_AQAefhkPMAR9lWhQck4I2dCdWycH9n7n_nJk4DCaIdSmsA&oe=6A518A3F""}",,"🏆⚽ ¡HOY SE VIVE LA EMOCIÓN DEL MUNDIAL 2026! ⚽🏆

La pasión del fútbol no se vive solo... ¡se comparte! 🙌

Te invitamos a disfrutar de los emocionantes encuentros del Mundial 2026 en Pantalla Gigante HD, con un ambiente familiar y toda la emoción de cada gol.

📍 Te esperamos en el Local de Campaña
Jr. Crespo y Castillo 525 – Huánuco

🎉 Entrada libre
📺 Pantalla Gigante HD
👨‍👩‍👧‍👦 Ambiente familiar

¡Ven con tu familia y amigos a vivir cada partido como si estuvieras en el estadio!

Ing. PUJAY POR HUÁNUCO ❤️

#Mundial2026 #CopaMundial2026 #PantallaGigante #Huánuco #IngPujay #SomosPerú #Fútbol #ViveElMundial #TodosAlMundial #HuánucoViveElFútbol",26,3,28,4,[object Object],ZmVlZGJhY2s6MTIyMTcwOTAyNTkwNjQ5NTA0,20,4,1,false,[object Object],https://www.facebook.com/61569485126086/posts/122170902590649504,61569485126086,"{""id"":""485250318006144""}",https://www.facebook.com/profile.php?id=61569485126086,,,"[object Object],[object Object],[object Object],[object Object],[object Object],[object Object],[object Object],[object Object],[object Object],[object Object]",1,,,,,,
https://www.facebook.com/profile.php?id=61569485126086,122170821194649504,people,https://www.facebook.com/permalink.php?story_fbid=pfbid0CvSbmCDnuGF4o87nXKc7QCw5CTti7asCJeoTrS5R6gtpGVHBr1rLbb5dULtu2zsal&id=61569485126086,2026-07-01T15:47:37.000Z,1782920857,"{""id"":""61569485126086"",""name"":""PUJAY - por Huánuco"",""profileUrl"":""https://www.facebook.com/61569485126086"",""profilePic"":""https://scontent-msp1-1.xx.fbcdn.net/v/t39.30808-1/680502853_122165571272649504_8435573106429812010_n.jpg?stp=cp0_dst-jpg_tt6&cstp=mx1080x1080&ctp=s50x50&_nc_cat=107&ccb=1-7&_nc_sid=2d3e12&_nc_ohc=fBUT-QQbfZsQ7kNvwHjBAnX&_nc_oc=AdofM6cr6chPg6rRq0JPhk4xA0TY0Bn5AOxhfFlPD8y9cH_6-h2Rz4JpA4-XaeZzGCs&_nc_zt=24&_nc_ht=scontent-msp1-1.xx&_nc_gid=bi8diClC0bXJf17b9sDOwQ&_nc_ss=72289&oh=00_AQAefhkPMAR9lWhQck4I2dCdWycH9n7n_nJk4DCaIdSmsA&oe=6A518A3F""}",,"Vive la fiesta del mundial en nuestro Local de Campaña⚽️
Jr. Crespo Castillo #525 - Huánuco 
#copamundial #SomosPeru",58,8,30,2,[object Object],ZmVlZGJhY2s6MTIyMTcwODIxMTk0NjQ5NTA0,50,8,,false,[object Object],https://www.facebook.com/61569485126086/posts/122170821194649504,61569485126086,"{""id"":""485250318006144""}",https://www.facebook.com/profile.php?id=61569485126086,2026-07-01T11:00:00.000Z,1782903600,"[object Object],[object Object]",,,,,,,
https://www.facebook.com/profile.php?id=61569485126086,122170774712649504,people,https://www.facebook.com/permalink.php?story_fbid=pfbid02y7VXu9ZFY1SpgyutihTpyBDEStqhxnsSFxed67sZnH75Wgz6EQ7mN3AtDn86MP31l&id=61569485126086,2026-07-01T04:52:36.000Z,1782881556,"{""id"":""61569485126086"",""name"":""PUJAY - por Huánuco"",""profileUrl"":""https://www.facebook.com/61569485126086"",""profilePic"":""https://scontent-msp1-1.xx.fbcdn.net/v/t39.30808-1/680502853_122165571272649504_8435573106429812010_n.jpg?stp=cp0_dst-jpg_tt6&cstp=mx1080x1080&ctp=s50x50&_nc_cat=107&ccb=1-7&_nc_sid=2d3e12&_nc_ohc=fBUT-QQbfZsQ7kNvwHjBAnX&_nc_oc=AdofM6cr6chPg6rRq0JPhk4xA0TY0Bn5AOxhfFlPD8y9cH_6-h2Rz4JpA4-XaeZzGCs&_nc_zt=24&_nc_ht=scontent-msp1-1.xx&_nc_gid=bi8diClC0bXJf17b9sDOwQ&_nc_ss=72289&oh=00_AQAefhkPMAR9lWhQck4I2dCdWycH9n7n_nJk4DCaIdSmsA&oe=6A518A3F""}",,"¡É𝐗𝐈𝐓𝐎 𝐓𝐎𝐓𝐀𝐋 𝐄𝐍 𝐍𝐔𝐄𝐒𝐓𝐑𝐀 𝐂𝐎𝐍𝐅𝐄𝐑𝐄𝐍𝐂𝐈𝐀 𝐃𝐄 𝐏𝐑𝐄𝐍𝐒𝐀!

¡𝐇𝐮á𝐧𝐮𝐜𝐨 𝐬𝐞 𝐯𝐢𝐬𝐭𝐞 𝐝𝐞 𝐠𝐚𝐥𝐚 𝐲 𝐞𝐬𝐩𝐞𝐫𝐚𝐧𝐳𝐚! Queremos agradecer profundamente a toda la prensa huanuqueña y a todos nuestros somistas que nos acompañaron en lo que fue un respaldo masivo e histórico, en la presentación oficial de nuestros candidatos de  Somos Perú Región Huánuco: el Dr. Robinson Aguirre (Gobernador por Huánuco) y el Ing. Ramiro Pujay Hipolo (Alcalde por Huánuco).

🏗️ ¡𝐏𝐑𝐎𝐏𝐔𝐄𝐒𝐓𝐀𝐒 𝐃𝐄 𝐈𝐌𝐏𝐀𝐂𝐓𝐎 𝐂𝐎𝐍 𝐂𝐀𝐏𝐀𝐂𝐈𝐃𝐀𝐃 𝐑𝐄𝐀𝐋 𝐃𝐄 𝐆𝐄𝐒𝐓𝐈Ó𝐍!
El Ing. Ramiro Pujay Hipolo demostró con maquetas en vivo sus propuestas de impacto para la provincia. ¡Aquí no hay improvisación! Contamos con la mejor capacidad de gestión y el equipo técnico más preparado para transformar nuestra provincia.

Juventud, Capacidad y Experiencia para un buen gobierno.
#HuánucoEsSomosPerú #RamiroPujayAlcalde #RobinsonAguirreGobernador #JuventudYExperiencia #Huánuco #SomosPerú #CapacidadDeGestión",293,99,208,4,"[object Object],[object Object],[object Object],[object Object],[object Object],[object Object]",ZmVlZGJhY2s6MTIyMTcwNzc0NzEyNjQ5NTA0,231,24,36,false,,https://www.facebook.com/61569485126086/posts/122170774712649504,61569485126086,"{""id"":""485250318006144""}",https://www.facebook.com/profile.php?id=61569485126086,,,"[object Object],[object Object],[object Object],[object Object],[object Object],[object Object],[object Object],[object Object]",2,,,,,,
https://www.facebook.com/profile.php?id=61569485126086,1545163287216674,people,https://www.facebook.com/61569485126086/videos/1545163287216674/,2026-06-29T16:07:19.000Z,1782749239,"{""id"":""61569485126086"",""name"":""PUJAY - por Huánuco"",""profileUrl"":""https://www.facebook.com/61569485126086"",""profilePic"":""https://scontent-ord5-3.xx.fbcdn.net/v/t39.30808-1/680502853_122165571272649504_8435573106429812010_n.jpg?stp=cp0_dst-jpg_tt6&cstp=mx1080x1080&ctp=s50x50&_nc_cat=107&ccb=1-7&_nc_sid=2d3e12&_nc_ohc=fBUT-QQbfZsQ7kNvwGgxC-8&_nc_oc=AdpUB3-GbI27xp4VSuTRk-E1gh502tTgYYXJTLj5S9ucjNzkDqTRPgWXCk89abx1qio&_nc_zt=24&_nc_ht=scontent-ord5-3.xx&_nc_gid=b7ZLGEg1FfpwKMDrpoiVDA&_nc_ss=72289&oh=00_AQCoAE4yvfSyjTwyFXzKF7qXTp99wcAKywJ2Qldz9o_Pqg&oe=6A518A3F""}",[object Object],PRESENTACIÓN OFICIAL DE NUESTROS CANDIDATOS A LA REGIÓN Y  PROVINCIA DE HUÁNUCO.,157,100,196,5,[object Object],ZmVlZGJhY2s6MTU0NTE2MzI4NzIxNjY3NA==,129,21,5,false,[object Object],https://www.facebook.com/61569485126086/posts/1545163287216674,61569485126086,"{""id"":""485250318006144""}",https://www.facebook.com/profile.php?id=61569485126086,,,,1,true,10265,4604,0,1,
https://www.facebook.com/profile.php?id=61569485126086,122170592546649504,people,https://www.facebook.com/permalink.php?story_fbid=pfbid0yASe95URsZZ6abwwqK8y3uCYtU3tyg3uuyuogh39bshzStgf36xvNUq3APPW7nLRl&id=61569485126086,2026-06-29T00:12:16.000Z,1782691936,"{""id"":""61569485126086"",""name"":""PUJAY - por Huánuco"",""profileUrl"":""https://www.facebook.com/61569485126086"",""profilePic"":""https://scontent-ord5-3.xx.fbcdn.net/v/t39.30808-1/680502853_122165571272649504_8435573106429812010_n.jpg?stp=cp0_dst-jpg_tt6&cstp=mx1080x1080&ctp=s50x50&_nc_cat=107&ccb=1-7&_nc_sid=2d3e12&_nc_ohc=fBUT-QQbfZsQ7kNvwGgxC-8&_nc_oc=AdpUB3-GbI27xp4VSuTRk-E1gh502tTgYYXJTLj5S9ucjNzkDqTRPgWXCk89abx1qio&_nc_zt=24&_nc_ht=scontent-ord5-3.xx&_nc_gid=b7ZLGEg1FfpwKMDrpoiVDA&_nc_ss=72289&oh=00_AQCoAE4yvfSyjTwyFXzKF7qXTp99wcAKywJ2Qldz9o_Pqg&oe=6A518A3F""}",,,52,7,12,3,,ZmVlZGJhY2s6MTIyMTcwNTkyNTQ2NjQ5NTA0,42,9,,false,[object Object],https://www.facebook.com/61569485126086/posts/122170592546649504,61569485126086,"{""id"":""485250318006144""}",https://www.facebook.com/profile.php?id=61569485126086,,,,1,,,,,,"{""pageName"":{""id"":""pfbid0f53RLQawL6CN11AL9XjpmJNMpNkLAfgrX7ser9r3vUmBzq4YbxqTdxkqYDsNj2D2l"",""name"":""Pujay Alcalde Provincial Huanuco"",""profileUrl"":""https://www.facebook.com/ramiro.pujay.2025"",""profilePic"":""https://scontent-ord5-1.xx.fbcdn.net/v/t39.30808-1/735272661_122206599854564679_6555609593797595411_n.jpg?stp=cp0_dst-jpg_tt6&cstp=mx1600x1600&ctp=s40x40&_nc_cat=106&ccb=1-7&_nc_sid=e99d92&_nc_ohc=jWeMSeieqsAQ7kNvwF10L0s&_nc_oc=AdpB-y8FDb7XaWEF_dHF-RTqtx0a58hLA7mtbg74BbAv1-E6FTvDia0AmCrmKMlwV8U&_nc_zt=24&_nc_ht=scontent-ord5-1.xx&_nc_gid=b7ZLGEg1FfpwKMDrpoiVDA&_nc_ss=72289&oh=00_AQDoAorOYKuMnuKE-NYmcWuNqyB6-7Cq1IDE4hvsHuYiRA&oe=6A51A3F4""},""url"":""https://www.facebook.com/ramiro.pujay.2025/posts/pfbid034LSbEaqAfuyFraCbFB1LEXezrhQVoXriDJF1yQpDkbdLcxEZED5MP4rjPqGQ1F5Zl"",""time"":""2026-06-29T00:04:01.000Z"",""timestamp"":1782691441,""user"":{""id"":""pfbid0f53RLQawL6CN11AL9XjpmJNMpNkLAfgrX7ser9r3vUmBzq4YbxqTdxkqYDsNj2D2l"",""name"":""Pujay Alcalde Provincial Huanuco"",""profileUrl"":""https://www.facebook.com/ramiro.pujay.2025"",""profilePic"":""https://scontent-ord5-1.xx.fbcdn.net/v/t39.30808-1/735272661_122206599854564679_6555609593797595411_n.jpg?stp=cp0_dst-jpg_tt6&cstp=mx1600x1600&ctp=s40x40&_nc_cat=106&ccb=1-7&_nc_sid=e99d92&_nc_ohc=jWeMSeieqsAQ7kNvwF10L0s&_nc_oc=AdpB-y8FDb7XaWEF_dHF-RTqtx0a58hLA7mtbg74BbAv1-E6FTvDia0AmCrmKMlwV8U&_nc_zt=24&_nc_ht=scontent-ord5-1.xx&_nc_gid=b7ZLGEg1FfpwKMDrpoiVDA&_nc_ss=72289&oh=00_AQDoAorOYKuMnuKE-NYmcWuNqyB6-7Cq1IDE4hvsHuYiRA&oe=6A51A3F4""},""text"":""CONFERENCIA DE PRENSA\n🗓Fecha: 29/06/2026\n⌚️Hora: 11:00AM\n🏠Lugar: Crespo Castillo 525 - Huanuco"",""media"":[{""thumbnail"":""https://scontent-ord5-2.xx.fbcdn.net/v/t39.30808-6/733802298_122206392392564679_2159560866361234884_n.jpg?stp=dst-jpg_tt6&cstp=mx1254x1254&ctp=p526x296&_nc_cat=102&ccb=1-7&_nc_sid=127cfc&_nc_ohc=LjghAwKmIdUQ7kNvwH-FWWf&_nc_oc=AdopWpBAJCpB7R7n5qmR1Ma1FOCH3z6B7JDmgajttjltow-JmeN_fo9xSH43BjkmvZI&_nc_zt=23&_nc_ht=scontent-ord5-2.xx&_nc_gid=b7ZLGEg1FfpwKMDrpoiVDA&_nc_ss=72289&oh=00_AQCtkuElSGpKl9p306v6doDXl5f1MFxLpfgPOT-cZ2wspQ&oe=6A51BC3D"",""__typename"":""Photo"",""__isMedia"":""Photo"",""accent_color"":""FFFDFDFD"",""photo_product_tags"":[],""photo_image"":{""uri"":""https://scontent-ord5-2.xx.fbcdn.net/v/t39.30808-6/733802298_122206392392564679_2159560866361234884_n.jpg?stp=dst-jpg_tt6&cstp=mx1254x1254&ctp=p526x296&_nc_cat=102&ccb=1-7&_nc_sid=127cfc&_nc_ohc=LjghAwKmIdUQ7kNvwH-FWWf&_nc_oc=AdopWpBAJCpB7R7n5qmR1Ma1FOCH3z6B7JDmgajttjltow-JmeN_fo9xSH43BjkmvZI&_nc_zt=23&_nc_ht=scontent-ord5-2.xx&_nc_gid=b7ZLGEg1FfpwKMDrpoiVDA&_nc_ss=72289&oh=00_AQCtkuElSGpKl9p306v6doDXl5f1MFxLpfgPOT-cZ2wspQ&oe=6A51BC3D"",""height"":526,""width"":526},""url"":""https://www.facebook.com/photo/?fbid=122206392386564679&set=a.122142593978564679"",""id"":""122206392386564679"",""feedback"":{""can_viewer_comment"":false,""id"":""ZmVlZGJhY2s6MTIyMjA2MzkyNDE2NTY0Njc5""},""ocrText"":""May be an image of text that says 'EL MEJOR EQUIPO DE HUÁNUCO ¡TEINVITAALA CONFERENCIA DEPRENSA! PRESENTACIÓN OFICIAL DE NUESTROS CANDIDATOS AL GOBIERNO REGIONAL, PROVINCIALY SUS DISTRITOS DE HUÁNUCO, DEL PARTIDO DEMOCRÁTICO SOMOS PERÚ. SOMOS PERÚ Marca Así ¡JUVENTUD, CAPACIDADY EXPERIENCIA να un buen Gobierno! ＋= -- 平 11:00 LUNES 29 DE JUNIO Dr. Dr.Robinson AGUIRRE GOBERNADOR REGIONAL LUGAR: LOCAL DE CAMPAÑA JR. CRESPO CASTILLO #525 HUÁNUCO Ing. Ing.Ramiro PUJAY ALCALDE POR HUÁNUCO SOMOS PERÚ'""}],""paidPartnership"":false}"
https://www.facebook.com/profile.php?id=61569485126086,122170406198649504,people,https://www.facebook.com/permalink.php?story_fbid=pfbid02jnircJh6ELdYwsUP485GRy6GJHXaFzoD2UtdPCXsGvvFpFtFW11MeCDSYBSDE2Tgl&id=61569485126086,2026-06-26T05:44:33.000Z,1782452673,"{""id"":""61569485126086"",""name"":""PUJAY - por Huánuco"",""profileUrl"":""https://www.facebook.com/61569485126086"",""profilePic"":""https://scontent-ord5-3.xx.fbcdn.net/v/t39.30808-1/680502853_122165571272649504_8435573106429812010_n.jpg?stp=cp0_dst-jpg_tt6&cstp=mx1080x1080&ctp=s50x50&_nc_cat=107&ccb=1-7&_nc_sid=2d3e12&_nc_ohc=fBUT-QQbfZsQ7kNvwGgxC-8&_nc_oc=AdpUB3-GbI27xp4VSuTRk-E1gh502tTgYYXJTLj5S9ucjNzkDqTRPgWXCk89abx1qio&_nc_zt=24&_nc_ht=scontent-ord5-3.xx&_nc_gid=b7ZLGEg1FfpwKMDrpoiVDA&_nc_ss=72289&oh=00_AQCoAE4yvfSyjTwyFXzKF7qXTp99wcAKywJ2Qldz9o_Pqg&oe=6A518A3F""}",,"📢 ¡CAPACIDAD DE ORGANIZACIÓN COMPROBADA! 💪🏻

Con gran satisfacción compartimos que las Listas de Candidatos ya están completamente conformadas e inscritas, reflejando el firme compromiso y el arduo trabajo en equipo liderado por nuestro Ing. Ramiro Pujay, Coordinador Regional de Huánuco. 🏛️💪

¡Seguimos avanzando firmes, con orden, transparencia y un solo objetivo: el desarrollo de nuestra región! 🤝🔥

#Huánuco #RamiroPujay #CapacidadDeOrganizacion #LiderazgoRegional #ListasInscritas #SomosPerú #PujayporHuánuco",143,117,32,4,[object Object],ZmVlZGJhY2s6MTIyMTcwNDA2MTk4NjQ5NTA0,123,11,8,false,[object Object],https://www.facebook.com/61569485126086/posts/122170406198649504,61569485126086,"{""id"":""485250318006144""}",https://www.facebook.com/profile.php?id=61569485126086,,,"[object Object],[object Object],[object Object],[object Object],[object Object],[object Object],[object Object]",1,,,,,,
https://www.facebook.com/profile.php?id=61569485126086,122170383878649504,people,https://www.facebook.com/reel/1772611700853107/,2026-06-25T20:29:45.000Z,1782419385,"{""id"":""61569485126086"",""name"":""PUJAY - por Huánuco"",""profileUrl"":""https://www.facebook.com/61569485126086"",""profilePic"":""https://scontent-bos5-1.xx.fbcdn.net/v/t39.30808-1/680502853_122165571272649504_8435573106429812010_n.jpg?stp=cp0_dst-jpg_tt6&cstp=mx1080x1080&ctp=s50x50&_nc_cat=107&ccb=1-7&_nc_sid=2d3e12&_nc_ohc=fBUT-QQbfZsQ7kNvwFALVaa&_nc_oc=AdohTVfPVUi-RoXvuDaob1g2bVNIojkNglAatQZS_s5mRbdLPOBI22b8siHkPuik12M&_nc_zt=24&_nc_ht=scontent-bos5-1.xx&_nc_gid=cKW56_OCqQgvqvHrJOsJKw&_nc_ss=72289&oh=00_AQAVRteW4fvo_n1ZRtbCriefYVh5pPun-85BWQXOyFuk1Q&oe=6A518A3F""}",,"¡FELIZ DÍA DEL CAMPESINO!

¡El desarrollo de Huánuco nace en el campo, no en los escritorios!
Hermanos campesinos, hoy no es un día de simples saludos, es un día de reivindicación política. Durante años, el campo ha sostenido a nuestra provincia mientras el centralismo le daba la espalda. ¡Eso se acabó!

Mi compromiso con ustedes no es con las promesas, es con la acción: presupuesto justo, agua, tecnología y vías dignas para que el fruto de su sudor valga lo que realmente merece. Ustedes garantizan la vida de Huánuco; nuestra gestión garantizará la justicia social que la historia les debe.

¡Viva el campesino huanuqueño! ¡La tierra es de quien la trabaja y el progreso es para todos!

Ing. Ramiro Pujay Hipolo
ALCALDE POR HUÁNUCO",71,8,11,3,[object Object],ZmVlZGJhY2s6MTIyMTcwMzgzODc4NjQ5NTA0,64,6,,false,[object Object],https://www.facebook.com/61569485126086/posts/122170383878649504,61569485126086,"{""id"":""485250318006144""}",https://www.facebook.com/profile.php?id=61569485126086,2026-06-24T20:30:00.000Z,1782333000,,1,true,1798,662,0,,
https://www.facebook.com/profile.php?id=61569485126086,122170384232649504,people,https://www.facebook.com/reel/1363590225645872/,2026-06-25T20:35:43.000Z,1782419743,"{""id"":""61569485126086"",""name"":""PUJAY - por Huánuco"",""profileUrl"":""https://www.facebook.com/61569485126086"",""profilePic"":""https://scontent-bos5-1.xx.fbcdn.net/v/t39.30808-1/680502853_122165571272649504_8435573106429812010_n.jpg?stp=cp0_dst-jpg_tt6&cstp=mx1080x1080&ctp=s50x50&_nc_cat=107&ccb=1-7&_nc_sid=2d3e12&_nc_ohc=fBUT-QQbfZsQ7kNvwFALVaa&_nc_oc=AdohTVfPVUi-RoXvuDaob1g2bVNIojkNglAatQZS_s5mRbdLPOBI22b8siHkPuik12M&_nc_zt=24&_nc_ht=scontent-bos5-1.xx&_nc_gid=cKW56_OCqQgvqvHrJOsJKw&_nc_ss=72289&oh=00_AQAVRteW4fvo_n1ZRtbCriefYVh5pPun-85BWQXOyFuk1Q&oe=6A518A3F""}",,"¡Feliz Fiesta de San Juan! 🔥🌿

La Fiesta de San Juan no es solo tradición y alegría; es el reflejo vivo de la fuerza, la riqueza y el espíritu inquebrantable de nuestra Amazonía y de nuestra gente.
Que esta festividad purifique nuestro camino y nos una en un solo objetivo: el desarrollo de nuestra región.

¡Un fuerte abrazo y un feliz San Juan para todos!

Ing. Ramiro Pujay Hipolo
Alcalde por Huánuco",58,5,15,3,[object Object],ZmVlZGJhY2s6MTIyMTcwMzg0MjMyNjQ5NTA0,50,7,,false,[object Object],https://www.facebook.com/61569485126086/posts/122170384232649504,61569485126086,"{""id"":""485250318006144""}",https://www.facebook.com/profile.php?id=61569485126086,2026-06-24T17:15:00.000Z,1782321300,,1,true,1906,609,0,,
https://www.facebook.com/profile.php?id=61569485126086,122169616454649504,people,https://www.facebook.com/permalink.php?story_fbid=pfbid025KERmCC8rfoYqQrACQFTLUjDZfamcZ4SVpkp3ua1Gi96yMKneniLGkdEEHkr2f8nl&id=61569485126086,2026-06-16T13:00:08.000Z,1781614808,"{""id"":""61569485126086"",""name"":""PUJAY - por Huánuco"",""profileUrl"":""https://www.facebook.com/61569485126086"",""profilePic"":""https://scontent-bos5-1.xx.fbcdn.net/v/t39.30808-1/680502853_122165571272649504_8435573106429812010_n.jpg?stp=cp0_dst-jpg_tt6&cstp=mx1080x1080&ctp=s50x50&_nc_cat=107&ccb=1-7&_nc_sid=2d3e12&_nc_ohc=fBUT-QQbfZsQ7kNvwFALVaa&_nc_oc=AdohTVfPVUi-RoXvuDaob1g2bVNIojkNglAatQZS_s5mRbdLPOBI22b8siHkPuik12M&_nc_zt=24&_nc_ht=scontent-bos5-1.xx&_nc_gid=cKW56_OCqQgvqvHrJOsJKw&_nc_ss=72289&oh=00_AQAVRteW4fvo_n1ZRtbCriefYVh5pPun-85BWQXOyFuk1Q&oe=6A518A3F""}",,"🌎⚽ LA FIESTA DEL MUNDIAL 2026 SE VIVE AQUÍ ⚽🌎

📺 Pantalla Gigante HD
🎊 Ambiente Mundialista
🏟️ Vive cada gol como si estuvieras en el estadio
📍 Local de Campaña – Jr. Crespo y Castillo 525
#CopaMundial2026 #IngPujay #Huanuco #SomosPeru #PantallaGigante #ViveElMundial #JuntosPorHuanuco #Futbol #WorldCup2026",26,,8,3,[object Object],ZmVlZGJhY2s6MTIyMTY5NjE2NDU0NjQ5NTA0,24,1,,false,,https://www.facebook.com/61569485126086/posts/122169616454649504,61569485126086,"{""id"":""485250318006144""}",https://www.facebook.com/profile.php?id=61569485126086,,,"[object Object],[object Object],[object Object],[object Object],[object Object],[object Object],[object Object],[object Object],[object Object]",1,,,,,,
https://www.facebook.com/profile.php?id=61569485126086,122169582296649504,people,https://www.facebook.com/permalink.php?story_fbid=pfbid0wCKR7Hmwj2APB22NjBe2xXrikEK4uwZP1MRGCRa4kN563wZrebS3xGg4XzyqfMzjl&id=61569485126086,2026-06-15T17:31:44.000Z,1781544704,"{""id"":""61569485126086"",""name"":""PUJAY - por Huánuco"",""profileUrl"":""https://www.facebook.com/61569485126086"",""profilePic"":""https://scontent-xxc1-1.xx.fbcdn.net/v/t39.30808-1/680502853_122165571272649504_8435573106429812010_n.jpg?stp=cp0_dst-jpg_tt6&cstp=mx1080x1080&ctp=s50x50&_nc_cat=107&ccb=1-7&_nc_sid=2d3e12&_nc_ohc=fBUT-QQbfZsQ7kNvwE4uB81&_nc_oc=Adr7CCs7kVGXjD9ov2xq1PXujeZXBtnsRXPrVbXGSNrPahsuP7GltmspoogOGpDRPcA&_nc_zt=24&_nc_ht=scontent-xxc1-1.xx&_nc_gid=SGn2GLORqFLYda8PUVGJMw&_nc_ss=72289&oh=00_AQBnc5ZXtaoK_SxwT50YgBZPsPlkxARx3xiUsl2HAzZg9g&oe=6A518A3F""}",,"🏆 ING. PUJAY POR HUÁNUCO PRESENTA 🏆

⚽ COPA MUNDIAL 2026 EN PANTALLA GIGANTE ⚽

📍 Jr. Crespo y Castillo 525
🎉 Entrada Libre • Ambiente Familiar • Todos los Partidos

#CopaMundial2026 #IngPujay #Huanuco #SomosPeru #PantallaGigante #ViveElMundial #JuntosPorHuanuco #Futbol #WorldCup2026",34,6,12,4,[object Object],ZmVlZGJhY2s6MTIyMTY5NTgyMjk2NjQ5NTA0,30,2,1,false,[object Object],https://www.facebook.com/61569485126086/posts/122169582296649504,61569485126086,"{""id"":""485250318006144""}",https://www.facebook.com/profile.php?id=61569485126086,2026-06-15T15:31:00.000Z,1781537460,"[object Object],[object Object],[object Object],[object Object],[object Object],[object Object],[object Object],[object Object],[object Object]",1,,,,,,
https://www.facebook.com/profile.php?id=61569485126086,122169504692649504,people,https://www.facebook.com/permalink.php?story_fbid=pfbid0KbvHxG2AkvD6Jcpe9AndeoWB1fykkxdMmi4amdKjoJAHPwzPkQAqQjzT8WAGUw2rl&id=61569485126086,2026-06-14T20:11:13.000Z,1781467873,"{""id"":""61569485126086"",""name"":""PUJAY - por Huánuco"",""profileUrl"":""https://www.facebook.com/61569485126086"",""profilePic"":""https://scontent-xxc1-1.xx.fbcdn.net/v/t39.30808-1/680502853_122165571272649504_8435573106429812010_n.jpg?stp=cp0_dst-jpg_tt6&cstp=mx1080x1080&ctp=s50x50&_nc_cat=107&ccb=1-7&_nc_sid=2d3e12&_nc_ohc=fBUT-QQbfZsQ7kNvwE4uB81&_nc_oc=Adr7CCs7kVGXjD9ov2xq1PXujeZXBtnsRXPrVbXGSNrPahsuP7GltmspoogOGpDRPcA&_nc_zt=24&_nc_ht=scontent-xxc1-1.xx&_nc_gid=SGn2GLORqFLYda8PUVGJMw&_nc_ss=72289&oh=00_AQBnc5ZXtaoK_SxwT50YgBZPsPlkxARx3xiUsl2HAzZg9g&oe=6A518A3F""}",,"🎉⚽ ¡Amigos, hoy tenemos cita con el Mundial! ⚽🎉

Vive toda la emoción de los mejores partidos en un ambiente familiar y con transmisión en pantalla gigante.

📍 Jr. Crespo y Castillo 525 – Huánuco

❤️ Somos Perú
👷‍♂️ Ing. Pujay",20,1,6,3,[object Object],ZmVlZGJhY2s6MTIyMTY5NTA0NjkyNjQ5NTA0,17,2,,false,[object Object],https://www.facebook.com/61569485126086/posts/122169504692649504,61569485126086,"{""id"":""485250318006144""}",https://www.facebook.com/profile.php?id=61569485126086,,,,1,,,,,,
https://www.facebook.com/profile.php?id=61569485126086,122169505052649504,people,https://www.facebook.com/permalink.php?story_fbid=pfbid02uUPaNdHzqXVSmSYhwvNgYM5m4V3npkCXiZz8kYQ7CxwSM2LZuBnV3nC7d2TUpTNSl&id=61569485126086,2026-06-14T18:15:03.000Z,1781460903,"{""id"":""61569485126086"",""name"":""PUJAY - por Huánuco"",""profileUrl"":""https://www.facebook.com/61569485126086"",""profilePic"":""https://scontent-xxc1-1.xx.fbcdn.net/v/t39.30808-1/680502853_122165571272649504_8435573106429812010_n.jpg?stp=cp0_dst-jpg_tt6&cstp=mx1080x1080&ctp=s50x50&_nc_cat=107&ccb=1-7&_nc_sid=2d3e12&_nc_ohc=fBUT-QQbfZsQ7kNvwE4uB81&_nc_oc=Adr7CCs7kVGXjD9ov2xq1PXujeZXBtnsRXPrVbXGSNrPahsuP7GltmspoogOGpDRPcA&_nc_zt=24&_nc_ht=scontent-xxc1-1.xx&_nc_gid=SGn2GLORqFLYda8PUVGJMw&_nc_ss=72289&oh=00_AQBnc5ZXtaoK_SxwT50YgBZPsPlkxARx3xiUsl2HAzZg9g&oe=6A518A3F""}",,"🎉⚽ ¡Amigos, hoy tenemos cita con el Mundial! ⚽🎉

Vive toda la emoción de los mejores partidos en un ambiente familiar y con transmisión en pantalla gigante.

📍 Jr. Crespo y Castillo 525 – Huánuco

❤️ Somos Perú
👷‍♂️ Ing. Pujay

#CopaMundial2026 #Mundial2026 #PantallaGigante #Huanuco #SomosPeru #IngPujay #PujayPorHuanuco #Futbol #PasionPorElFutbol #ViveElMundial #HuanucoUnido #VamosHuanuco #FamiliaSomosPeru #JuntosPorHuanuco #LaFiestaDelFutbol #MundialEnHuanuco #SomosPeruHuanuco #PantallaGiganteHuanuco #IngPujayAlcalde #HuanucoPrimero ⚽🏆❤️💙",31,2,5,4,[object Object],ZmVlZGJhY2s6MTIyMTY5NTA1MDUyNjQ5NTA0,28,1,1,false,[object Object],https://www.facebook.com/61569485126086/posts/122169505052649504,61569485126086,"{""id"":""485250318006144""}",https://www.facebook.com/profile.php?id=61569485126086,2026-06-14T11:15:00.000Z,1781435700,"[object Object],[object Object],[object Object],[object Object],[object Object],[object Object],[object Object],[object Object],[object Object],[object Object],[object Object],[object Object],[object Object],[object Object],[object Object],[object Object],[object Object],[object Object],[object Object],[object Object]",1,,,,,,
https://www.facebook.com/profile.php?id=61569485126086,122169189260649504,people,https://www.facebook.com/permalink.php?story_fbid=pfbid02PEhDJBm35PZjLkHAjE8AKLH7ugpd5aYzCKqeUZcagYTMyRGymCqUA6hStVoqKzRFl&id=61569485126086,2026-06-10T23:35:50.000Z,1781134550,"{""id"":""61569485126086"",""name"":""PUJAY - por Huánuco"",""profileUrl"":""https://www.facebook.com/61569485126086"",""profilePic"":""https://scontent-mia3-2.xx.fbcdn.net/v/t39.30808-1/680502853_122165571272649504_8435573106429812010_n.jpg?stp=cp0_dst-jpg_tt6&cstp=mx1080x1080&ctp=s50x50&_nc_cat=107&ccb=1-7&_nc_sid=2d3e12&_nc_ohc=fBUT-QQbfZsQ7kNvwGJU6lS&_nc_oc=AdpSbx-W1Vw6E68rZujTOl2LuH4YyYGQS5x3T5rniV36a5Jp2s_9QtAvR6p9HEHglzk&_nc_zt=24&_nc_ht=scontent-mia3-2.xx&_nc_gid=v8xpWx0GeigdG_Sahurimw&_nc_ss=7c289&oh=00_AQCRroy0GAeVnIbVUq53voQaxv4CjoKDnqJlALgVzwJ3yw&oe=6A518A3F""}",,"🔥 ¡MAÑANA ES EL GRAN DÍA! 🔥

¡La fiesta del Mundial 2026 se vive en familia y con la fuerza del cambio! ⚽️🏆

Mañana, jueves 11 de junio, te esperamos en nuestro local de campaña para disfrutar en VIVO y en PANTALLA GIGANTE del partidazo inaugural: México vs. Sudáfrica 🇲🇽🆚🇿🇦.

🎁 ¡ATENCIÓN! Solo por asistir y alentar con nosotros, participarás en el SORTEO DE UNA PELOTA OFICIAL.

📍 Lugar: Jr. Crespo Castillo #525 (Nuestro Local de Campaña)
⏰ Hora: 2:00 PM

¡El fútbol nos une, la pasión nos hace ganar y juntos somos imparables! Este 04 de octubre, marca los 4 corazones de Somos Perú. ❤️

¡No faltes, el Ing. Pujay te espera! 🤝🇵🇪

#IngPujay #GranInauguración #Mundial2026 #Huánuco #sorteopelota #SomosPerú",39,4,10,3,[object Object],ZmVlZGJhY2s6MTIyMTY5MTg5MjYwNjQ5NTA0,35,3,,false,[object Object],https://www.facebook.com/61569485126086/posts/122169189260649504,61569485126086,"{""id"":""485250318006144""}",https://www.facebook.com/profile.php?id=61569485126086,2026-06-10T15:45:00.000Z,1781106300,"[object Object],[object Object],[object Object],[object Object],[object Object],[object Object]",1,,,,,,
https://www.facebook.com/profile.php?id=61569485126086,122169101480649504,people,https://www.facebook.com/permalink.php?story_fbid=pfbid0TDtkATS5sDkif9wV3e2fj5AAHsKxfDTiD26Gd69raVX1DnJEoNVJtKcPf5ypemB5l&id=61569485126086,2026-06-10T01:04:53.000Z,1781053493,"{""id"":""61569485126086"",""name"":""PUJAY - por Huánuco"",""profileUrl"":""https://www.facebook.com/61569485126086"",""profilePic"":""https://scontent-mia3-2.xx.fbcdn.net/v/t39.30808-1/680502853_122165571272649504_8435573106429812010_n.jpg?stp=cp0_dst-jpg_tt6&cstp=mx1080x1080&ctp=s50x50&_nc_cat=107&ccb=1-7&_nc_sid=2d3e12&_nc_ohc=fBUT-QQbfZsQ7kNvwGJU6lS&_nc_oc=AdpSbx-W1Vw6E68rZujTOl2LuH4YyYGQS5x3T5rniV36a5Jp2s_9QtAvR6p9HEHglzk&_nc_zt=24&_nc_ht=scontent-mia3-2.xx&_nc_gid=v8xpWx0GeigdG_Sahurimw&_nc_ss=7c289&oh=00_AQCRroy0GAeVnIbVUq53voQaxv4CjoKDnqJlALgVzwJ3yw&oe=6A518A3F""}",,"🏆 ¡EL MUNDIAL SE VIVE EN FAMILIA Y JUNTOS CON EL ING. PUJAY! ⚽🇵🇪
¡Llegó el momento que todo el planeta estaba esperando! Este 11 de junio arranca la fiesta de la Copa Mundial de Fútbol 2026 🌍, y en Huánuco la vivimos con la pasión que nos caracteriza.

Porque el fútbol es unión, alegría y trabajo en equipo, queremos que disfrutes cada gol, cada jugada y cada emoción en el mejor ambiente.

📺 ¡TRANSMISIÓN EN VIVO Y EN DIRECTO EN NUESTRA PANTALLA GIGANTE!

Ven con tus amigos, tu familia y tus vecinos a nuestro local de campaña. ¡Hagamos fuerza juntos y compartamos esta gran pasión!

📍 Lugar: Nuestro local de campaña – Jr. Crespo Castillo #525

💪 ¡Fútbol que nos une, pasión que nos hace ganar!
Este 04 de octubre, el gran cambio para nuestra provincia está en tus manos. Para asegurar el progreso de Huánuco, apoya todo el equipo marcando los 4 corazones de SOMOS PERÚ ❤️

¡Te esperamos para alentar juntos y asegurar la victoria! ⚽🗳️

#IngPujay #alcaldeporhuanuco #SomosPeru #Mundial2026 #pantallagigante",52,10,14,4,[object Object],ZmVlZGJhY2s6MTIyMTY5MTAxNDgwNjQ5NTA0,47,3,1,false,[object Object],https://www.facebook.com/61569485126086/posts/122169101480649504,61569485126086,"{""id"":""485250318006144""}",https://www.facebook.com/profile.php?id=61569485126086,,,"[object Object],[object Object],[object Object],[object Object],[object Object]",1,,,,,,
https://www.facebook.com/profile.php?id=61569485126086,122168967728649504,people,https://www.facebook.com/permalink.php?story_fbid=pfbid02jSr2wRL7Ga1zGsYBz1uYge6qT36XKxbK73RUfSL2QeGiuE8cPGMtfgW9QKRzhQvzl&id=61569485126086,2026-06-08T17:52:38.000Z,1780941158,"{""id"":""61569485126086"",""name"":""PUJAY - por Huánuco"",""profileUrl"":""https://www.facebook.com/61569485126086"",""profilePic"":""https://scontent-mia3-2.xx.fbcdn.net/v/t39.30808-1/680502853_122165571272649504_8435573106429812010_n.jpg?stp=cp0_dst-jpg_tt6&cstp=mx1080x1080&ctp=s50x50&_nc_cat=107&ccb=1-7&_nc_sid=2d3e12&_nc_ohc=fBUT-QQbfZsQ7kNvwGJU6lS&_nc_oc=AdpSbx-W1Vw6E68rZujTOl2LuH4YyYGQS5x3T5rniV36a5Jp2s_9QtAvR6p9HEHglzk&_nc_zt=24&_nc_ht=scontent-mia3-2.xx&_nc_gid=v8xpWx0GeigdG_Sahurimw&_nc_ss=7c289&oh=00_AQCRroy0GAeVnIbVUq53voQaxv4CjoKDnqJlALgVzwJ3yw&oe=6A518A3F""}",,"👷‍♂️🇵🇪 ¡FELIZ DÍA DEL INGENIERO! 📐🚜

Hoy celebramos a los hombres y mujeres que, con ciencia, técnica y compromiso, transforman realidades y construyen las bases del desarrollo de nuestra sociedad.

Como colega y servidor de nuestro pueblo, quiero enviar un saludo fraterno y especial a cada uno de los ingenieros de toda la provincia de Huánuco. Su talento y visión son el motor indispensable para impulsar los grandes proyectos que nuestra región necesita.

Sigamos trabajando juntos, con honestidad y convicción, para edificar un futuro con más oportunidades, modernidad y progreso para todos.

¡Un fuerte abrazo, colegas! ¡Que sigan los éxitos en su noble labor!

Ing. Ramiro Pujay Hipolo
Juventud, Capacidad y Experiencia para un buen Gobierno💪

#DíaDelIngeniero #IngenieríaPeruana #DesarrolloYProgreso #Huánuco #ingramiropujay #SomosPerú",68,7,16,4,[object Object],ZmVlZGJhY2s6MTIyMTY4OTY3NzI4NjQ5NTA0,63,3,1,false,[object Object],https://www.facebook.com/61569485126086/posts/122168967728649504,61569485126086,"{""id"":""485250318006144""}",https://www.facebook.com/profile.php?id=61569485126086,,,"[object Object],[object Object],[object Object],[object Object],[object Object],[object Object]",1,,,,,,
https://www.facebook.com/profile.php?id=61569485126086,122168896850649504,people,https://www.facebook.com/permalink.php?story_fbid=pfbid02yeqSmKAZyjuApvhxorv8Nqs2vY4Pbi4kAaSmsaLUHn47Sy9VtQcebbUnbtzMLwnPl&id=61569485126086,2026-06-08T01:25:39.000Z,1780881939,"{""id"":""61569485126086"",""name"":""PUJAY - por Huánuco"",""profileUrl"":""https://www.facebook.com/61569485126086"",""profilePic"":""https://scontent-dfw5-2.xx.fbcdn.net/v/t39.30808-1/680502853_122165571272649504_8435573106429812010_n.jpg?stp=cp0_dst-jpg_tt6&cstp=mx1080x1080&ctp=s50x50&_nc_cat=107&ccb=1-7&_nc_sid=2d3e12&_nc_ohc=fBUT-QQbfZsQ7kNvwE49uVL&_nc_oc=AdpuzHc2xYHhA06wEE7LI_Iqy6x4YlbCLpARklcgy1T0RA8gN_rpEtyZyciitpAQrNE&_nc_zt=24&_nc_ht=scontent-dfw5-2.xx&_nc_gid=5J9ap3ypRCgoAno8tfX_Hg&_nc_ss=72289&oh=00_AQDph8MKkkSKayTwqUB-mP6KuWFMLnWv2DSSy-87__--mw&oe=6A518A3F""}",,"En el Día de la Bandera, renovamos nuestro compromiso de trabajar con honestidad, capacidad y amor por nuestra tierra. Que nuestros colores nos inspiren a seguir construyendo un futuro de progreso, unidad y oportunidades para todos.

¡Viva el Perú! 🇵🇪

Ing. Ramiro Pujay Hipolo
Juventud, capacidad y experiencia para un buen gobierno💪",42,3,9,4,[object Object],ZmVlZGJhY2s6MTIyMTY4ODk2ODUwNjQ5NTA0,38,2,1,false,[object Object],https://www.facebook.com/61569485126086/posts/122168896850649504,61569485126086,"{""id"":""485250318006144""}",https://www.facebook.com/profile.php?id=61569485126086,2026-06-07T17:45:00.000Z,1780854300,,1,,,,,,
https://www.facebook.com/profile.php?id=61569485126086,122168496296649504,people,https://www.facebook.com/permalink.php?story_fbid=pfbid0DntyBbGZy3xgELPJmiadJBySjB1xuixgvBUduMWzPQJdN1vmgJCEvY5rJTFNd45ml&id=61569485126086,2026-06-02T16:34:44.000Z,1780418084,"{""id"":""61569485126086"",""name"":""PUJAY - por Huánuco"",""profileUrl"":""https://www.facebook.com/61569485126086"",""profilePic"":""https://scontent-dfw5-2.xx.fbcdn.net/v/t39.30808-1/680502853_122165571272649504_8435573106429812010_n.jpg?stp=cp0_dst-jpg_tt6&cstp=mx1080x1080&ctp=s50x50&_nc_cat=107&ccb=1-7&_nc_sid=2d3e12&_nc_ohc=fBUT-QQbfZsQ7kNvwE49uVL&_nc_oc=AdpuzHc2xYHhA06wEE7LI_Iqy6x4YlbCLpARklcgy1T0RA8gN_rpEtyZyciitpAQrNE&_nc_zt=24&_nc_ht=scontent-dfw5-2.xx&_nc_gid=5J9ap3ypRCgoAno8tfX_Hg&_nc_ss=72289&oh=00_AQDph8MKkkSKayTwqUB-mP6KuWFMLnWv2DSSy-87__--mw&oe=6A518A3F""}",,"❤️¡Huánuco merece avanzar con capacidad y resultados! ❤️🇵🇪

Llegamos a cada rincón de nuestra provincia con propuestas claras, experiencia y compromiso. Es tiempo de escuchar a la población, gestionar soluciones reales y construir juntos el cambio que Huánuco necesita.

💪 Con capacidad para servir.
✅ Con capacidad para gestionar.
❤️ Con capacidad para transformar Huánuco.

#IngPujay #PorHuánuco #SomosPerú #CapacidadParaCambiar #HuánucoAvanza",134,56,54,4,[object Object],ZmVlZGJhY2s6MTIyMTY4NDk2Mjk2NjQ5NTA0,109,10,14,false,[object Object],https://www.facebook.com/61569485126086/posts/122168496296649504,61569485126086,"{""id"":""485250318006144""}",https://www.facebook.com/profile.php?id=61569485126086,,,"[object Object],[object Object],[object Object],[object Object],[object Object]",1,,,,,,
https://www.facebook.com/profile.php?id=61569485126086,122168419070649504,people,https://www.facebook.com/permalink.php?story_fbid=pfbid0Qyw3C3fBGd1oxW6pgfQzdCjSmdovpNNAJ6ARnBuTPGXRzVmYoDp94DjiqimWxyHxl&id=61569485126086,2026-06-01T18:28:14.000Z,1780338494,"{""id"":""61569485126086"",""name"":""PUJAY - por Huánuco"",""profileUrl"":""https://www.facebook.com/61569485126086"",""profilePic"":""https://scontent-dfw5-2.xx.fbcdn.net/v/t39.30808-1/680502853_122165571272649504_8435573106429812010_n.jpg?stp=cp0_dst-jpg_tt6&cstp=mx1080x1080&ctp=s50x50&_nc_cat=107&ccb=1-7&_nc_sid=2d3e12&_nc_ohc=fBUT-QQbfZsQ7kNvwE49uVL&_nc_oc=AdpuzHc2xYHhA06wEE7LI_Iqy6x4YlbCLpARklcgy1T0RA8gN_rpEtyZyciitpAQrNE&_nc_zt=24&_nc_ht=scontent-dfw5-2.xx&_nc_gid=5J9ap3ypRCgoAno8tfX_Hg&_nc_ss=72289&oh=00_AQDph8MKkkSKayTwqUB-mP6KuWFMLnWv2DSSy-87__--mw&oe=6A518A3F""}",,"🎉🎊 ¡Feliz 44° Aniversario, Amarilis! 🎊🎉

El Ing. Ramiro Pujay Hípolo expresa su cordial y afectuoso saludo al noble pueblo del distrito de Amarilis al conmemorarse su 44° aniversario de creación política.
En esta fecha especial, reconoce el esfuerzo, la unidad y el espíritu emprendedor de sus autoridades y ciudadanos, quienes día a día contribuyen al desarrollo y progreso de este importante distrito huanuqueño.
Que este nuevo aniversario sea una oportunidad para renovar el compromiso de seguir trabajando por un futuro con más oportunidades, bienestar y crecimiento para todos.

¡Feliz aniversario, Amarilis! 🎂🎈
¡Que sigan los éxitos y el desarrollo para su gente! 💙🤝

#Amarilis44Años #RamiroPujayHipolo #Huánuco #DesarrolloYProgreso #FelizAniversarioAmarilis",88,11,27,3,[object Object],ZmVlZGJhY2s6MTIyMTY4NDE5MDcwNjQ5NTA0,78,9,,false,[object Object],https://www.facebook.com/61569485126086/posts/122168419070649504,61569485126086,"{""id"":""485250318006144""}",https://www.facebook.com/profile.php?id=61569485126086,2026-06-01T13:45:00.000Z,1780321500,"[object Object],[object Object],[object Object],[object Object],[object Object]",1,,,,,,
